,Medals,Golds,Silvers,Bronzes,Year,NOC,Region,Summer
0,0,0,0,0,2000,AHO,Curacao,1
1,0,0,0,0,2000,ALB,Albania,1
2,5,1,1,3,2000,ALG,Algeria,1
3,0,0,0,0,2000,AND,Andorra,1
4,0,0,0,0,2000,ANG,Angola,1
5,0,0,0,0,2000,ANT,Antigua,1
6,4,0,2,2,2000,ARG,Argentina,1
7,1,0,0,1,2000,ARM,Armenia,1
8,0,0,0,0,2000,ARU,Aruba,1
9,0,0,0,0,2000,ASA,American Samoa,1
10,58,16,25,17,2000,AUS,Australia,1
11,3,2,1,0,2000,AUT,Austria,1
12,3,2,0,1,2000,AZE,Azerbaijan,1
13,3,2,0,1,2000,BAH,Bahamas,1
14,0,0,0,0,2000,BAN,Bangladesh,1
15,1,0,0,1,2000,BAR,Barbados,1
16,0,0,0,0,2000,BDI,Burundi,1
17,5,0,2,3,2000,BEL,Belgium,1
18,0,0,0,0,2000,BEN,Benin,1
19,0,0,0,0,2000,BER,Bermuda,1
20,0,0,0,0,2000,BHU,Bhutan,1
21,0,0,0,0,2000,BIH,Bosnia and Herzegovina,1
22,0,0,0,0,2000,BIZ,Belize,1
23,17,3,3,11,2000,BLR,Belarus,1
24,0,0,0,0,2000,BOL,Boliva,1
25,0,0,0,0,2000,BOT,Botswana,1
26,12,0,6,6,2000,BRA,Brazil,1
27,0,0,0,0,2000,BRN,Bahrain,1
28,0,0,0,0,2000,BRU,Brunei,1
29,13,5,6,2,2000,BUL,Bulgaria,1
30,0,0,0,0,2000,BUR,Burkina Faso,1
31,0,0,0,0,2000,CAF,Central African Republic,1
32,0,0,0,0,2000,CAM,Cambodia,1
33,14,3,3,8,2000,CAN,Canada,1
34,0,0,0,0,2000,CAY,Cayman Islands,1
35,0,0,0,0,2000,CGO,Republic of Congo,1
36,0,0,0,0,2000,CHA,Chad,1
37,1,0,0,1,2000,CHI,Chile,1
38,58,28,16,14,2000,CHN,China,1
39,0,0,0,0,2000,CIV,Ivory Coast,1
40,1,1,0,0,2000,CMR,Cameroon,1
41,0,0,0,0,2000,COD,Democratic Republic of the Congo,1
42,0,0,0,0,2000,COK,Cook Islands,1
43,1,1,0,0,2000,COL,Colombia,1
44,0,0,0,0,2000,COM,Comoros,1
45,0,0,0,0,2000,CPV,Cape Verde,1
46,2,0,0,2,2000,CRC,Costa Rica,1
47,2,1,0,1,2000,CRO,Croatia,1
48,29,11,11,7,2000,CUB,Cuba,1
49,0,0,0,0,2000,CYP,Cyprus,1
50,8,2,3,3,2000,CZE,Czech Republic,1
51,6,2,3,1,2000,DEN,Denmark,1
52,0,0,0,0,2000,DJI,Djibouti,1
53,0,0,0,0,2000,DMA,Dominica,1
54,0,0,0,0,2000,DOM,Dominican Republic,1
55,0,0,0,0,2000,ECU,Ecuador,1
56,0,0,0,0,2000,EGY,Egypt,1
57,0,0,0,0,2000,ERI,Eritrea,1
58,0,0,0,0,2000,ESA,El Salvador,1
59,11,3,3,5,2000,ESP,Spain,1
60,3,1,0,2,2000,EST,Estonia,1
61,8,4,1,3,2000,ETH,Ethiopia,1
62,0,0,0,0,2000,FIJ,Fiji,1
63,4,2,1,1,2000,FIN,Finland,1
64,38,13,14,11,2000,FRA,France,1
65,0,0,0,0,2000,FSM,Micronesia,1
66,0,0,0,0,2000,GAB,Gabon,1
67,0,0,0,0,2000,GAM,Gambia,1
68,28,11,10,7,2000,GBR,UK,1
69,0,0,0,0,2000,GBS,Guinea-Bissau,1
70,6,0,0,6,2000,GEO,Georgia,1
71,0,0,0,0,2000,GEQ,Equatorial Guinea,1
72,56,13,17,26,2000,GER,Germany,1
73,0,0,0,0,2000,GHA,Ghana,1
74,13,4,6,3,2000,GRE,Greece,1
75,0,0,0,0,2000,GRN,Grenada,1
76,0,0,0,0,2000,GUA,Guatemala,1
77,0,0,0,0,2000,GUI,Guinea,1
78,0,0,0,0,2000,GUM,Guam,1
79,0,0,0,0,2000,GUY,Guyana,1
80,0,0,0,0,2000,HAI,Haiti,1
81,0,0,0,0,2000,HKG,China,1
82,0,0,0,0,2000,HON,Honduras,1
83,17,8,6,3,2000,HUN,Hungary,1
84,6,1,3,2,2000,INA,Indonesia,1
85,1,0,0,1,2000,IND,India,1
86,0,0,0,0,2000,IOA,Individual Olympic Athletes,1
87,4,3,0,1,2000,IRI,Iran,1
88,1,0,1,0,2000,IRL,Ireland,1
89,0,0,0,0,2000,IRQ,Iraq,1
90,1,0,0,1,2000,ISL,Iceland,1
91,1,0,0,1,2000,ISR,Israel,1
92,0,0,0,0,2000,ISV,"Virgin Islands, US",1
93,34,13,8,13,2000,ITA,Italy,1
94,0,0,0,0,2000,IVB,"Virgin Islands, British",1
95,9,0,6,3,2000,JAM,Jamaica,1
96,0,0,0,0,2000,JOR,Jordan,1
97,18,5,8,5,2000,JPN,Japan,1
98,7,3,4,0,2000,KAZ,Kazakhstan,1
99,7,2,3,2,2000,KEN,Kenya,1
100,1,0,0,1,2000,KGZ,Kyrgyzstan,1
101,28,8,10,10,2000,KOR,South Korea,1
102,2,0,1,1,2000,KSA,Saudi Arabia,1
103,1,0,0,1,2000,KUW,Kuwait,1
104,0,0,0,0,2000,LAO,Laos,1
105,3,1,1,1,2000,LAT,Latvia,1
106,0,0,0,0,2000,LBA,Libya,1
107,0,0,0,0,2000,LBR,Liberia,1
108,0,0,0,0,2000,LCA,Saint Lucia,1
109,0,0,0,0,2000,LES,Lesotho,1
110,0,0,0,0,2000,LIB,Lebanon,1
111,0,0,0,0,2000,LIE,Liechtenstein,1
112,5,2,0,3,2000,LTU,Lithuania,1
113,0,0,0,0,2000,LUX,Luxembourg,1
114,0,0,0,0,2000,MAD,Madagascar,1
115,5,0,1,4,2000,MAR,Morocco,1
116,0,0,0,0,2000,MAS,Malaysia,1
117,0,0,0,0,2000,MAW,Malawi,1
118,2,0,1,1,2000,MDA,Moldova,1
119,0,0,0,0,2000,MDV,Maldives,1
120,6,1,2,3,2000,MEX,Mexico,1
121,0,0,0,0,2000,MGL,Mongolia,1
122,1,0,0,1,2000,MKD,Macedonia,1
123,0,0,0,0,2000,MLI,Mali,1
124,0,0,0,0,2000,MLT,Malta,1
125,0,0,0,0,2000,MON,Monaco,1
126,1,1,0,0,2000,MOZ,Mozambique,1
127,0,0,0,0,2000,MRI,Mauritius,1
128,0,0,0,0,2000,MTN,Mauritania,1
129,0,0,0,0,2000,MYA,Myanmar,1
130,0,0,0,0,2000,NAM,Namibia,1
131,0,0,0,0,2000,NCA,Nicaragua,1
132,25,12,9,4,2000,NED,Netherlands,1
133,0,0,0,0,2000,NEP,Nepal,1
134,3,1,2,0,2000,NGR,Nigeria,1
135,0,0,0,0,2000,NIG,Niger,1
136,10,4,3,3,2000,NOR,Norway,1
137,0,0,0,0,2000,NRU,Nauru,1
138,4,1,0,3,2000,NZL,New Zealand,1
139,0,0,0,0,2000,OMA,Oman,1
140,0,0,0,0,2000,PAK,Pakistan,1
141,0,0,0,0,2000,PAN,Panama,1
142,0,0,0,0,2000,PAR,Paraguay,1
143,0,0,0,0,2000,PER,Peru,1
144,0,0,0,0,2000,PHI,Philippines,1
145,0,0,0,0,2000,PLE,Palestine,1
146,0,0,0,0,2000,PLW,Palau,1
147,0,0,0,0,2000,PNG,Papua New Guinea,1
148,14,6,5,3,2000,POL,Poland,1
149,2,0,0,2,2000,POR,Portugal,1
150,4,0,1,3,2000,PRK,North Korea,1
151,0,0,0,0,2000,PUR,Puerto Rico,1
152,1,0,0,1,2000,QAT,Qatar,1
153,26,11,6,9,2000,ROU,Romania,1
154,5,0,2,3,2000,RSA,South Africa,1
155,89,32,28,29,2000,RUS,Russia,1
156,0,0,0,0,2000,RWA,Rwanda,1
157,0,0,0,0,2000,SAM,Samoa,1
158,3,1,1,1,2000,SCG,Serbia,1
159,0,0,0,0,2000,SEN,Senegal,1
160,0,0,0,0,2000,SEY,Seychelles,1
161,0,0,0,0,2000,SGP,Singapore,1
162,0,0,0,0,2000,SKN,Saint Kitts,1
163,0,0,0,0,2000,SLE,Sierra Leone,1
164,2,2,0,0,2000,SLO,Slovenia,1
165,0,0,0,0,2000,SMR,San Marino,1
166,0,0,0,0,2000,SOL,Solomon Islands,1
167,0,0,0,0,2000,SOM,Somalia,1
168,1,0,1,0,2000,SRI,Sri Lanka,1
169,0,0,0,0,2000,STP,Sao Tome and Principe,1
170,0,0,0,0,2000,SUD,Sudan,1
171,9,1,6,2,2000,SUI,Switzerland,1
172,0,0,0,0,2000,SUR,Suriname,1
173,5,1,3,1,2000,SVK,Slovakia,1
174,12,4,5,3,2000,SWE,Sweden,1
175,0,0,0,0,2000,SWZ,Swaziland,1
176,0,0,0,0,2000,SYR,Syria,1
177,0,0,0,0,2000,TAN,Tanzania,1
178,0,0,0,0,2000,TGA,Tonga,1
179,3,1,0,2,2000,THA,Thailand,1
180,0,0,0,0,2000,TJK,Tajikistan,1
181,0,0,0,0,2000,TKM,Turkmenistan,1
182,0,0,0,0,2000,TOG,Togo,1
183,5,0,1,4,2000,TPE,Taiwan,1
184,2,0,1,1,2000,TTO,Trinidad,1
185,0,0,0,0,2000,TUN,Tunisia,1
186,5,3,0,2,2000,TUR,Turkey,1
187,0,0,0,0,2000,UAE,United Arab Emirates,1
188,0,0,0,0,2000,UGA,Uganda,1
189,23,3,10,10,2000,UKR,Ukraine,1
190,1,0,1,0,2000,URU,Uruguay,1
191,91,36,24,31,2000,USA,USA,1
192,4,1,1,2,2000,UZB,Uzbekistan,1
193,0,0,0,0,2000,VAN,Vanuatu,1
194,0,0,0,0,2000,VEN,Venezuela,1
195,1,0,1,0,2000,VIE,Vietnam,1
196,0,0,0,0,2000,VIN,Saint Vincent,1
197,0,0,0,0,2000,YEM,Yemen,1
198,0,0,0,0,2000,ZAM,Zambia,1
199,0,0,0,0,2000,ZIM,Zimbabwe,1
277,0,0,0,0,2004,AFG,Afghanistan,1
278,0,0,0,0,2004,AHO,Curacao,1
279,0,0,0,0,2004,ALB,Albania,1
280,0,0,0,0,2004,ALG,Algeria,1
281,0,0,0,0,2004,AND,Andorra,1
282,0,0,0,0,2004,ANG,Angola,1
283,0,0,0,0,2004,ANT,Antigua,1
284,6,2,0,4,2004,ARG,Argentina,1
285,0,0,0,0,2004,ARM,Armenia,1
286,0,0,0,0,2004,ARU,Aruba,1
287,0,0,0,0,2004,ASA,American Samoa,1
288,50,17,16,17,2004,AUS,Australia,1
289,7,2,4,1,2004,AUT,Austria,1
290,5,1,0,4,2004,AZE,Azerbaijan,1
291,2,1,0,1,2004,BAH,Bahamas,1
292,0,0,0,0,2004,BAN,Bangladesh,1
293,0,0,0,0,2004,BAR,Barbados,1
294,0,0,0,0,2004,BDI,Burundi,1
295,3,1,0,2,2004,BEL,Belgium,1
296,0,0,0,0,2004,BEN,Benin,1
297,0,0,0,0,2004,BER,Bermuda,1
298,0,0,0,0,2004,BHU,Bhutan,1
299,0,0,0,0,2004,BIH,Bosnia and Herzegovina,1
300,0,0,0,0,2004,BIZ,Belize,1
301,13,2,5,6,2004,BLR,Belarus,1
302,0,0,0,0,2004,BOL,Boliva,1
303,0,0,0,0,2004,BOT,Botswana,1
304,10,5,2,3,2004,BRA,Brazil,1
305,0,0,0,0,2004,BRN,Bahrain,1
306,0,0,0,0,2004,BRU,Brunei,1
307,12,2,1,9,2004,BUL,Bulgaria,1
308,0,0,0,0,2004,BUR,Burkina Faso,1
309,0,0,0,0,2004,CAF,Central African Republic,1
310,0,0,0,0,2004,CAM,Cambodia,1
311,12,3,6,3,2004,CAN,Canada,1
312,0,0,0,0,2004,CAY,Cayman Islands,1
313,0,0,0,0,2004,CGO,Republic of Congo,1
314,0,0,0,0,2004,CHA,Chad,1
315,3,2,0,1,2004,CHI,Chile,1
316,63,32,17,14,2004,CHN,China,1
317,0,0,0,0,2004,CIV,Ivory Coast,1
318,1,1,0,0,2004,CMR,Cameroon,1
319,0,0,0,0,2004,COD,Democratic Republic of the Congo,1
320,0,0,0,0,2004,COK,Cook Islands,1
321,2,0,0,2,2004,COL,Colombia,1
322,0,0,0,0,2004,COM,Comoros,1
323,0,0,0,0,2004,CPV,Cape Verde,1
324,0,0,0,0,2004,CRC,Costa Rica,1
325,5,1,2,2,2004,CRO,Croatia,1
326,27,9,7,11,2004,CUB,Cuba,1
327,0,0,0,0,2004,CYP,Cyprus,1
328,9,1,3,5,2004,CZE,Czech Republic,1
329,8,2,1,5,2004,DEN,Denmark,1
330,0,0,0,0,2004,DMA,Dominica,1
331,1,1,0,0,2004,DOM,Dominican Republic,1
332,0,0,0,0,2004,ECU,Ecuador,1
333,5,1,1,3,2004,EGY,Egypt,1
334,1,0,0,1,2004,ERI,Eritrea,1
335,0,0,0,0,2004,ESA,El Salvador,1
336,20,3,11,6,2004,ESP,Spain,1
337,3,0,1,2,2004,EST,Estonia,1
338,7,2,3,2,2004,ETH,Ethiopia,1
339,0,0,0,0,2004,FIJ,Fiji,1
340,2,0,2,0,2004,FIN,Finland,1
341,33,11,9,13,2004,FRA,France,1
342,0,0,0,0,2004,FSM,Micronesia,1
343,0,0,0,0,2004,GAB,Gabon,1
344,0,0,0,0,2004,GAM,Gambia,1
345,30,9,9,12,2004,GBR,UK,1
346,0,0,0,0,2004,GBS,Guinea-Bissau,1
347,4,2,2,0,2004,GEO,Georgia,1
348,0,0,0,0,2004,GEQ,Equatorial Guinea,1
349,49,13,16,20,2004,GER,Germany,1
350,0,0,0,0,2004,GHA,Ghana,1
351,16,6,6,4,2004,GRE,Greece,1
352,0,0,0,0,2004,GRN,Grenada,1
353,0,0,0,0,2004,GUA,Guatemala,1
354,0,0,0,0,2004,GUI,Guinea,1
355,0,0,0,0,2004,GUM,Guam,1
356,0,0,0,0,2004,GUY,Guyana,1
357,0,0,0,0,2004,HAI,Haiti,1
358,1,0,1,0,2004,HKG,China,1
359,0,0,0,0,2004,HON,Honduras,1
360,17,8,6,3,2004,HUN,Hungary,1
361,4,1,1,2,2004,INA,Indonesia,1
362,1,0,1,0,2004,IND,India,1
363,6,2,2,2,2004,IRI,Iran,1
364,0,0,0,0,2004,IRL,Ireland,1
365,0,0,0,0,2004,IRQ,Iraq,1
366,0,0,0,0,2004,ISL,Iceland,1
367,2,1,0,1,2004,ISR,Israel,1
368,0,0,0,0,2004,ISV,"Virgin Islands, US",1
369,32,10,11,11,2004,ITA,Italy,1
370,0,0,0,0,2004,IVB,"Virgin Islands, British",1
371,5,2,1,2,2004,JAM,Jamaica,1
372,0,0,0,0,2004,JOR,Jordan,1
373,37,16,9,12,2004,JPN,Japan,1
374,8,1,4,3,2004,KAZ,Kazakhstan,1
375,7,1,4,2,2004,KEN,Kenya,1
376,0,0,0,0,2004,KGZ,Kyrgyzstan,1
377,0,0,0,0,2004,KIR,Kiribati,1
378,30,9,12,9,2004,KOR,South Korea,1
379,0,0,0,0,2004,KSA,Saudi Arabia,1
380,0,0,0,0,2004,KUW,Kuwait,1
381,0,0,0,0,2004,LAO,Laos,1
382,4,0,4,0,2004,LAT,Latvia,1
383,0,0,0,0,2004,LBA,Libya,1
384,0,0,0,0,2004,LBR,Liberia,1
385,0,0,0,0,2004,LCA,Saint Lucia,1
386,0,0,0,0,2004,LES,Lesotho,1
387,0,0,0,0,2004,LIB,Lebanon,1
388,0,0,0,0,2004,LIE,Liechtenstein,1
389,3,1,2,0,2004,LTU,Lithuania,1
390,0,0,0,0,2004,LUX,Luxembourg,1
391,0,0,0,0,2004,MAD,Madagascar,1
392,3,2,1,0,2004,MAR,Morocco,1
393,0,0,0,0,2004,MAS,Malaysia,1
394,0,0,0,0,2004,MAW,Malawi,1
395,0,0,0,0,2004,MDA,Moldova,1
396,0,0,0,0,2004,MDV,Maldives,1
397,4,0,3,1,2004,MEX,Mexico,1
398,1,0,0,1,2004,MGL,Mongolia,1
399,0,0,0,0,2004,MKD,Macedonia,1
400,0,0,0,0,2004,MLI,Mali,1
401,0,0,0,0,2004,MLT,Malta,1
402,0,0,0,0,2004,MON,Monaco,1
403,0,0,0,0,2004,MOZ,Mozambique,1
404,0,0,0,0,2004,MRI,Mauritius,1
405,0,0,0,0,2004,MTN,Mauritania,1
406,0,0,0,0,2004,MYA,Myanmar,1
407,0,0,0,0,2004,NAM,Namibia,1
408,0,0,0,0,2004,NCA,Nicaragua,1
409,22,4,9,9,2004,NED,Netherlands,1
410,0,0,0,0,2004,NEP,Nepal,1
411,2,0,0,2,2004,NGR,Nigeria,1
412,0,0,0,0,2004,NIG,Niger,1
413,6,5,0,1,2004,NOR,Norway,1
414,0,0,0,0,2004,NRU,Nauru,1
415,5,3,2,0,2004,NZL,New Zealand,1
416,0,0,0,0,2004,OMA,Oman,1
417,0,0,0,0,2004,PAK,Pakistan,1
418,0,0,0,0,2004,PAN,Panama,1
419,1,0,1,0,2004,PAR,Paraguay,1
420,0,0,0,0,2004,PER,Peru,1
421,0,0,0,0,2004,PHI,Philippines,1
422,0,0,0,0,2004,PLE,Palestine,1
423,0,0,0,0,2004,PLW,Palau,1
424,0,0,0,0,2004,PNG,Papua New Guinea,1
425,10,3,2,5,2004,POL,Poland,1
426,3,0,2,1,2004,POR,Portugal,1
427,5,0,4,1,2004,PRK,North Korea,1
428,0,0,0,0,2004,PUR,Puerto Rico,1
429,0,0,0,0,2004,QAT,Qatar,1
430,19,8,5,6,2004,ROU,Romania,1
431,6,1,3,2,2004,RSA,South Africa,1
432,90,28,26,36,2004,RUS,Russia,1
433,0,0,0,0,2004,RWA,Rwanda,1
434,0,0,0,0,2004,SAM,Samoa,1
435,2,0,2,0,2004,SCG,Serbia,1
436,0,0,0,0,2004,SEN,Senegal,1
437,0,0,0,0,2004,SEY,Seychelles,1
438,0,0,0,0,2004,SGP,Singapore,1
439,0,0,0,0,2004,SKN,Saint Kitts,1
440,0,0,0,0,2004,SLE,Sierra Leone,1
441,4,0,1,3,2004,SLO,Slovenia,1
442,0,0,0,0,2004,SMR,San Marino,1
443,0,0,0,0,2004,SOL,Solomon Islands,1
444,0,0,0,0,2004,SOM,Somalia,1
445,0,0,0,0,2004,SRI,Sri Lanka,1
446,0,0,0,0,2004,STP,Sao Tome and Principe,1
447,0,0,0,0,2004,SUD,Sudan,1
448,5,1,1,3,2004,SUI,Switzerland,1
449,0,0,0,0,2004,SUR,Suriname,1
450,6,2,2,2,2004,SVK,Slovakia,1
451,7,4,2,1,2004,SWE,Sweden,1
452,0,0,0,0,2004,SWZ,Swaziland,1
453,1,0,0,1,2004,SYR,Syria,1
454,0,0,0,0,2004,TAN,Tanzania,1
455,0,0,0,0,2004,TGA,Tonga,1
456,8,3,1,4,2004,THA,Thailand,1
457,0,0,0,0,2004,TJK,Tajikistan,1
458,0,0,0,0,2004,TKM,Turkmenistan,1
459,0,0,0,0,2004,TLS,Timor-Leste,1
460,0,0,0,0,2004,TOG,Togo,1
461,5,2,2,1,2004,TPE,Taiwan,1
462,1,0,0,1,2004,TTO,Trinidad,1
463,0,0,0,0,2004,TUN,Tunisia,1
464,11,3,3,5,2004,TUR,Turkey,1
465,1,1,0,0,2004,UAE,United Arab Emirates,1
466,0,0,0,0,2004,UGA,Uganda,1
467,22,8,5,9,2004,UKR,Ukraine,1
468,0,0,0,0,2004,URU,Uruguay,1
469,101,36,39,26,2004,USA,USA,1
470,5,2,1,2,2004,UZB,Uzbekistan,1
471,0,0,0,0,2004,VAN,Vanuatu,1
472,2,0,0,2,2004,VEN,Venezuela,1
473,0,0,0,0,2004,VIE,Vietnam,1
474,0,0,0,0,2004,VIN,Saint Vincent,1
475,0,0,0,0,2004,YEM,Yemen,1
476,0,0,0,0,2004,ZAM,Zambia,1
477,3,1,1,1,2004,ZIM,Zimbabwe,1
557,1,0,0,1,2008,AFG,Afghanistan,1
558,0,0,0,0,2008,AHO,Curacao,1
559,0,0,0,0,2008,ALB,Albania,1
560,2,0,1,1,2008,ALG,Algeria,1
561,0,0,0,0,2008,AND,Andorra,1
562,0,0,0,0,2008,ANG,Angola,1
563,0,0,0,0,2008,ANT,Antigua,1
564,6,2,0,4,2008,ARG,Argentina,1
565,6,0,0,6,2008,ARM,Armenia,1
566,0,0,0,0,2008,ARU,Aruba,1
567,0,0,0,0,2008,ASA,American Samoa,1
568,46,14,15,17,2008,AUS,Australia,1
569,3,0,1,2,2008,AUT,Austria,1
570,7,1,2,4,2008,AZE,Azerbaijan,1
571,2,0,1,1,2008,BAH,Bahamas,1
572,0,0,0,0,2008,BAN,Bangladesh,1
573,0,0,0,0,2008,BAR,Barbados,1
574,0,0,0,0,2008,BDI,Burundi,1
575,2,1,1,0,2008,BEL,Belgium,1
576,0,0,0,0,2008,BEN,Benin,1
577,0,0,0,0,2008,BER,Bermuda,1
578,0,0,0,0,2008,BHU,Bhutan,1
579,0,0,0,0,2008,BIH,Bosnia and Herzegovina,1
580,0,0,0,0,2008,BIZ,Belize,1
581,18,4,5,9,2008,BLR,Belarus,1
582,0,0,0,0,2008,BOL,Boliva,1
583,0,0,0,0,2008,BOT,Botswana,1
584,16,3,4,9,2008,BRA,Brazil,1
585,0,0,0,0,2008,BRN,Bahrain,1
586,5,1,1,3,2008,BUL,Bulgaria,1
587,0,0,0,0,2008,BUR,Burkina Faso,1
588,0,0,0,0,2008,CAF,Central African Republic,1
589,0,0,0,0,2008,CAM,Cambodia,1
590,19,3,9,7,2008,CAN,Canada,1
591,0,0,0,0,2008,CAY,Cayman Islands,1
592,0,0,0,0,2008,CGO,Republic of Congo,1
593,0,0,0,0,2008,CHA,Chad,1
594,1,0,1,0,2008,CHI,Chile,1
595,100,51,21,28,2008,CHN,China,1
596,0,0,0,0,2008,CIV,Ivory Coast,1
597,1,1,0,0,2008,CMR,Cameroon,1
598,0,0,0,0,2008,COD,Democratic Republic of the Congo,1
599,0,0,0,0,2008,COK,Cook Islands,1
600,2,0,1,1,2008,COL,Colombia,1
601,0,0,0,0,2008,COM,Comoros,1
602,0,0,0,0,2008,CPV,Cape Verde,1
603,0,0,0,0,2008,CRC,Costa Rica,1
604,5,0,2,3,2008,CRO,Croatia,1
605,24,2,11,11,2008,CUB,Cuba,1
606,0,0,0,0,2008,CYP,Cyprus,1
607,6,3,3,0,2008,CZE,Czech Republic,1
608,7,2,2,3,2008,DEN,Denmark,1
609,0,0,0,0,2008,DJI,Djibouti,1
610,0,0,0,0,2008,DMA,Dominica,1
611,2,1,1,0,2008,DOM,Dominican Republic,1
612,1,0,1,0,2008,ECU,Ecuador,1
613,1,0,0,1,2008,EGY,Egypt,1
614,0,0,0,0,2008,ERI,Eritrea,1
615,0,0,0,0,2008,ESA,El Salvador,1
616,18,5,10,3,2008,ESP,Spain,1
617,2,1,1,0,2008,EST,Estonia,1
618,7,4,1,2,2008,ETH,Ethiopia,1
619,0,0,0,0,2008,FIJ,Fiji,1
620,4,1,1,2,2008,FIN,Finland,1
621,41,7,16,18,2008,FRA,France,1
622,0,0,0,0,2008,FSM,Micronesia,1
623,0,0,0,0,2008,GAB,Gabon,1
624,0,0,0,0,2008,GAM,Gambia,1
625,48,19,13,16,2008,GBR,UK,1
626,0,0,0,0,2008,GBS,Guinea-Bissau,1
627,6,3,0,3,2008,GEO,Georgia,1
628,0,0,0,0,2008,GEQ,Equatorial Guinea,1
629,41,16,10,15,2008,GER,Germany,1
630,0,0,0,0,2008,GHA,Ghana,1
631,4,0,2,2,2008,GRE,Greece,1
632,0,0,0,0,2008,GRN,Grenada,1
633,0,0,0,0,2008,GUA,Guatemala,1
634,0,0,0,0,2008,GUI,Guinea,1
635,0,0,0,0,2008,GUM,Guam,1
636,0,0,0,0,2008,GUY,Guyana,1
637,0,0,0,0,2008,HAI,Haiti,1
638,0,0,0,0,2008,HKG,China,1
639,0,0,0,0,2008,HON,Honduras,1
640,10,3,5,2,2008,HUN,Hungary,1
641,5,1,1,3,2008,INA,Indonesia,1
642,3,1,0,2,2008,IND,India,1
643,2,1,0,1,2008,IRI,Iran,1
644,3,0,1,2,2008,IRL,Ireland,1
645,0,0,0,0,2008,IRQ,Iraq,1
646,1,0,1,0,2008,ISL,Iceland,1
647,1,0,0,1,2008,ISR,Israel,1
648,0,0,0,0,2008,ISV,"Virgin Islands, US",1
649,27,8,9,10,2008,ITA,Italy,1
650,0,0,0,0,2008,IVB,"Virgin Islands, British",1
651,9,5,2,2,2008,JAM,Jamaica,1
652,0,0,0,0,2008,JOR,Jordan,1
653,25,9,7,9,2008,JPN,Japan,1
654,13,2,4,7,2008,KAZ,Kazakhstan,1
655,15,6,4,5,2008,KEN,Kenya,1
656,2,0,1,1,2008,KGZ,Kyrgyzstan,1
657,0,0,0,0,2008,KIR,Kiribati,1
658,31,13,10,8,2008,KOR,South Korea,1
659,0,0,0,0,2008,KSA,Saudi Arabia,1
660,0,0,0,0,2008,KUW,Kuwait,1
661,0,0,0,0,2008,LAO,Laos,1
662,3,1,1,1,2008,LAT,Latvia,1
663,0,0,0,0,2008,LBA,Libya,1
664,0,0,0,0,2008,LBR,Liberia,1
665,0,0,0,0,2008,LCA,Saint Lucia,1
666,0,0,0,0,2008,LES,Lesotho,1
667,0,0,0,0,2008,LIB,Lebanon,1
668,0,0,0,0,2008,LIE,Liechtenstein,1
669,5,0,2,3,2008,LTU,Lithuania,1
670,0,0,0,0,2008,LUX,Luxembourg,1
671,0,0,0,0,2008,MAD,Madagascar,1
672,2,0,1,1,2008,MAR,Morocco,1
673,1,0,1,0,2008,MAS,Malaysia,1
674,0,0,0,0,2008,MAW,Malawi,1
675,1,0,0,1,2008,MDA,Moldova,1
676,0,0,0,0,2008,MDV,Maldives,1
677,3,2,0,1,2008,MEX,Mexico,1
678,4,2,2,0,2008,MGL,Mongolia,1
679,0,0,0,0,2008,MHL,Marshall Islands,1
680,0,0,0,0,2008,MKD,Macedonia,1
681,0,0,0,0,2008,MLI,Mali,1
682,0,0,0,0,2008,MLT,Malta,1
683,0,0,0,0,2008,MNE,Montenegro,1
684,0,0,0,0,2008,MON,Monaco,1
685,0,0,0,0,2008,MOZ,Mozambique,1
686,1,0,0,1,2008,MRI,Mauritius,1
687,0,0,0,0,2008,MTN,Mauritania,1
688,0,0,0,0,2008,MYA,Myanmar,1
689,0,0,0,0,2008,NAM,Namibia,1
690,0,0,0,0,2008,NCA,Nicaragua,1
691,16,7,5,4,2008,NED,Netherlands,1
692,0,0,0,0,2008,NEP,Nepal,1
693,4,0,1,3,2008,NGR,Nigeria,1
694,0,0,0,0,2008,NIG,Niger,1
695,9,3,5,1,2008,NOR,Norway,1
696,0,0,0,0,2008,NRU,Nauru,1
697,9,3,2,4,2008,NZL,New Zealand,1
698,0,0,0,0,2008,OMA,Oman,1
699,0,0,0,0,2008,PAK,Pakistan,1
700,1,1,0,0,2008,PAN,Panama,1
701,0,0,0,0,2008,PAR,Paraguay,1
702,0,0,0,0,2008,PER,Peru,1
703,0,0,0,0,2008,PHI,Philippines,1
704,0,0,0,0,2008,PLE,Palestine,1
705,0,0,0,0,2008,PLW,Palau,1
706,0,0,0,0,2008,PNG,Papua New Guinea,1
707,10,3,6,1,2008,POL,Poland,1
708,2,1,1,0,2008,POR,Portugal,1
709,6,2,1,3,2008,PRK,North Korea,1
710,0,0,0,0,2008,PUR,Puerto Rico,1
711,0,0,0,0,2008,QAT,Qatar,1
712,8,4,1,3,2008,ROU,Romania,1
713,1,0,1,0,2008,RSA,South Africa,1
714,72,23,21,28,2008,RUS,Russia,1
715,0,0,0,0,2008,RWA,Rwanda,1
716,0,0,0,0,2008,SAM,Samoa,1
717,0,0,0,0,2008,SEN,Senegal,1
718,0,0,0,0,2008,SEY,Seychelles,1
719,1,0,1,0,2008,SGP,Singapore,1
720,0,0,0,0,2008,SKN,Saint Kitts,1
721,0,0,0,0,2008,SLE,Sierra Leone,1
722,5,1,2,2,2008,SLO,Slovenia,1
723,0,0,0,0,2008,SMR,San Marino,1
724,0,0,0,0,2008,SOL,Solomon Islands,1
725,0,0,0,0,2008,SOM,Somalia,1
726,3,0,1,2,2008,SRB,Serbia,1
727,0,0,0,0,2008,SRI,Sri Lanka,1
728,0,0,0,0,2008,STP,Sao Tome and Principe,1
729,1,0,1,0,2008,SUD,Sudan,1
730,7,2,1,4,2008,SUI,Switzerland,1
731,0,0,0,0,2008,SUR,Suriname,1
732,6,3,2,1,2008,SVK,Slovakia,1
733,5,0,4,1,2008,SWE,Sweden,1
734,0,0,0,0,2008,SWZ,Swaziland,1
735,0,0,0,0,2008,SYR,Syria,1
736,0,0,0,0,2008,TAN,Tanzania,1
737,0,0,0,0,2008,TGA,Tonga,1
738,4,2,2,0,2008,THA,Thailand,1
739,2,0,1,1,2008,TJK,Tajikistan,1
740,0,0,0,0,2008,TKM,Turkmenistan,1
741,0,0,0,0,2008,TLS,Timor-Leste,1
742,1,0,0,1,2008,TOG,Togo,1
743,4,0,0,4,2008,TPE,Taiwan,1
744,2,1,1,0,2008,TTO,Trinidad,1
745,1,1,0,0,2008,TUN,Tunisia,1
746,7,1,3,3,2008,TUR,Turkey,1
747,0,0,0,0,2008,TUV,Tuvalu,1
748,0,0,0,0,2008,UAE,United Arab Emirates,1
749,0,0,0,0,2008,UGA,Uganda,1
750,27,7,5,15,2008,UKR,Ukraine,1
751,0,0,0,0,2008,URU,Uruguay,1
752,110,36,39,35,2008,USA,USA,1
753,6,1,2,3,2008,UZB,Uzbekistan,1
754,0,0,0,0,2008,VAN,Vanuatu,1
755,1,0,0,1,2008,VEN,Venezuela,1
756,1,0,1,0,2008,VIE,Vietnam,1
757,0,0,0,0,2008,VIN,Saint Vincent,1
758,0,0,0,0,2008,YEM,Yemen,1
759,0,0,0,0,2008,ZAM,Zambia,1
760,4,1,3,0,2008,ZIM,Zimbabwe,1
843,1,0,0,1,2012,AFG,Afghanistan,1
844,0,0,0,0,2012,ALB,Albania,1
845,1,1,0,0,2012,ALG,Algeria,1
846,0,0,0,0,2012,AND,Andorra,1
847,0,0,0,0,2012,ANG,Angola,1
848,0,0,0,0,2012,ANT,Antigua,1
849,4,1,1,2,2012,ARG,Argentina,1
850,3,0,1,2,2012,ARM,Armenia,1
851,0,0,0,0,2012,ARU,Aruba,1
852,0,0,0,0,2012,ASA,American Samoa,1
853,35,7,16,12,2012,AUS,Australia,1
854,0,0,0,0,2012,AUT,Austria,1
855,10,2,2,6,2012,AZE,Azerbaijan,1
856,1,1,0,0,2012,BAH,Bahamas,1
857,0,0,0,0,2012,BAN,Bangladesh,1
858,0,0,0,0,2012,BAR,Barbados,1
859,0,0,0,0,2012,BDI,Burundi,1
860,3,0,1,2,2012,BEL,Belgium,1
861,0,0,0,0,2012,BEN,Benin,1
862,0,0,0,0,2012,BER,Bermuda,1
863,0,0,0,0,2012,BHU,Bhutan,1
864,0,0,0,0,2012,BIH,Bosnia and Herzegovina,1
865,0,0,0,0,2012,BIZ,Belize,1
866,12,2,5,5,2012,BLR,Belarus,1
867,0,0,0,0,2012,BOL,Boliva,1
868,1,0,1,0,2012,BOT,Botswana,1
869,17,3,5,9,2012,BRA,Brazil,1
870,1,0,0,1,2012,BRN,Bahrain,1
871,0,0,0,0,2012,BRU,Brunei,1
872,2,0,1,1,2012,BUL,Bulgaria,1
873,0,0,0,0,2012,BUR,Burkina Faso,1
874,0,0,0,0,2012,CAF,Central African Republic,1
875,0,0,0,0,2012,CAM,Cambodia,1
876,18,1,5,12,2012,CAN,Canada,1
877,0,0,0,0,2012,CAY,Cayman Islands,1
878,0,0,0,0,2012,CGO,Republic of Congo,1
879,0,0,0,0,2012,CHA,Chad,1
880,0,0,0,0,2012,CHI,Chile,1
881,88,38,27,23,2012,CHN,China,1
882,0,0,0,0,2012,CIV,Ivory Coast,1
883,0,0,0,0,2012,CMR,Cameroon,1
884,0,0,0,0,2012,COD,Democratic Republic of the Congo,1
885,0,0,0,0,2012,COK,Cook Islands,1
886,8,1,3,4,2012,COL,Colombia,1
887,0,0,0,0,2012,COM,Comoros,1
888,0,0,0,0,2012,CPV,Cape Verde,1
889,0,0,0,0,2012,CRC,Costa Rica,1
890,6,3,1,2,2012,CRO,Croatia,1
891,14,5,3,6,2012,CUB,Cuba,1
892,1,0,1,0,2012,CYP,Cyprus,1
893,10,4,3,3,2012,CZE,Czech Republic,1
894,9,2,4,3,2012,DEN,Denmark,1
895,0,0,0,0,2012,DJI,Djibouti,1
896,0,0,0,0,2012,DMA,Dominica,1
897,2,1,1,0,2012,DOM,Dominican Republic,1
898,0,0,0,0,2012,ECU,Ecuador,1
899,2,0,2,0,2012,EGY,Egypt,1
900,0,0,0,0,2012,ERI,Eritrea,1
901,0,0,0,0,2012,ESA,El Salvador,1
902,17,3,10,4,2012,ESP,Spain,1
903,2,0,1,1,2012,EST,Estonia,1
904,7,3,1,3,2012,ETH,Ethiopia,1
905,0,0,0,0,2012,FIJ,Fiji,1
906,3,0,1,2,2012,FIN,Finland,1
907,35,11,11,13,2012,FRA,France,1
908,0,0,0,0,2012,FSM,Micronesia,1
909,1,0,1,0,2012,GAB,Gabon,1
910,0,0,0,0,2012,GAM,Gambia,1
911,65,29,17,19,2012,GBR,UK,1
912,0,0,0,0,2012,GBS,Guinea-Bissau,1
913,7,1,3,3,2012,GEO,Georgia,1
914,0,0,0,0,2012,GEQ,Equatorial Guinea,1
915,44,11,19,14,2012,GER,Germany,1
916,0,0,0,0,2012,GHA,Ghana,1
917,2,0,0,2,2012,GRE,Greece,1
918,1,1,0,0,2012,GRN,Grenada,1
919,1,0,1,0,2012,GUA,Guatemala,1
920,0,0,0,0,2012,GUI,Guinea,1
921,0,0,0,0,2012,GUM,Guam,1
922,0,0,0,0,2012,GUY,Guyana,1
923,0,0,0,0,2012,HAI,Haiti,1
924,1,0,0,1,2012,HKG,China,1
925,0,0,0,0,2012,HON,Honduras,1
926,18,8,4,6,2012,HUN,Hungary,1
927,2,0,1,1,2012,INA,Indonesia,1
928,6,0,2,4,2012,IND,India,1
929,0,0,0,0,2012,IOA,Individual Olympic Athletes,1
930,12,4,5,3,2012,IRI,Iran,1
931,5,1,1,3,2012,IRL,Ireland,1
932,0,0,0,0,2012,IRQ,Iraq,1
933,0,0,0,0,2012,ISL,Iceland,1
934,0,0,0,0,2012,ISR,Israel,1
935,0,0,0,0,2012,ISV,"Virgin Islands, US",1
936,28,8,9,11,2012,ITA,Italy,1
937,0,0,0,0,2012,IVB,"Virgin Islands, British",1
938,12,4,4,4,2012,JAM,Jamaica,1
939,0,0,0,0,2012,JOR,Jordan,1
940,38,7,14,17,2012,JPN,Japan,1
941,13,7,1,5,2012,KAZ,Kazakhstan,1
942,11,2,4,5,2012,KEN,Kenya,1
943,0,0,0,0,2012,KGZ,Kyrgyzstan,1
944,0,0,0,0,2012,KIR,Kiribati,1
945,28,13,8,7,2012,KOR,South Korea,1
946,1,0,0,1,2012,KSA,Saudi Arabia,1
947,1,0,0,1,2012,KUW,Kuwait,1
948,0,0,0,0,2012,LAO,Laos,1
949,2,1,0,1,2012,LAT,Latvia,1
950,0,0,0,0,2012,LBA,Libya,1
951,0,0,0,0,2012,LBR,Liberia,1
952,0,0,0,0,2012,LCA,Saint Lucia,1
953,0,0,0,0,2012,LES,Lesotho,1
954,0,0,0,0,2012,LIB,Lebanon,1
955,0,0,0,0,2012,LIE,Liechtenstein,1
956,5,2,1,2,2012,LTU,Lithuania,1
957,0,0,0,0,2012,LUX,Luxembourg,1
958,0,0,0,0,2012,MAD,Madagascar,1
959,1,0,0,1,2012,MAR,Morocco,1
960,2,0,1,1,2012,MAS,Malaysia,1
961,0,0,0,0,2012,MAW,Malawi,1
962,2,0,0,2,2012,MDA,Moldova,1
963,0,0,0,0,2012,MDV,Maldives,1
964,7,1,3,3,2012,MEX,Mexico,1
965,5,0,2,3,2012,MGL,Mongolia,1
966,0,0,0,0,2012,MHL,Marshall Islands,1
967,0,0,0,0,2012,MKD,Macedonia,1
968,0,0,0,0,2012,MLI,Mali,1
969,0,0,0,0,2012,MLT,Malta,1
970,1,0,1,0,2012,MNE,Montenegro,1
971,0,0,0,0,2012,MON,Monaco,1
972,0,0,0,0,2012,MOZ,Mozambique,1
973,0,0,0,0,2012,MRI,Mauritius,1
974,0,0,0,0,2012,MTN,Mauritania,1
975,0,0,0,0,2012,MYA,Myanmar,1
976,0,0,0,0,2012,NAM,Namibia,1
977,0,0,0,0,2012,NCA,Nicaragua,1
978,20,6,6,8,2012,NED,Netherlands,1
979,0,0,0,0,2012,NEP,Nepal,1
980,0,0,0,0,2012,NGR,Nigeria,1
981,0,0,0,0,2012,NIG,Niger,1
982,4,2,1,1,2012,NOR,Norway,1
983,0,0,0,0,2012,NRU,Nauru,1
984,13,6,2,5,2012,NZL,New Zealand,1
985,0,0,0,0,2012,OMA,Oman,1
986,0,0,0,0,2012,PAK,Pakistan,1
987,0,0,0,0,2012,PAN,Panama,1
988,0,0,0,0,2012,PAR,Paraguay,1
989,0,0,0,0,2012,PER,Peru,1
990,0,0,0,0,2012,PHI,Philippines,1
991,0,0,0,0,2012,PLE,Palestine,1
992,0,0,0,0,2012,PLW,Palau,1
993,0,0,0,0,2012,PNG,Papua New Guinea,1
994,10,2,2,6,2012,POL,Poland,1
995,1,0,1,0,2012,POR,Portugal,1
996,6,4,0,2,2012,PRK,North Korea,1
997,2,0,1,1,2012,PUR,Puerto Rico,1
998,2,0,0,2,2012,QAT,Qatar,1
999,9,2,5,2,2012,ROU,Romania,1
1000,6,3,2,1,2012,RSA,South Africa,1
1001,82,24,26,32,2012,RUS,Russia,1
1002,0,0,0,0,2012,RWA,Rwanda,1
1003,0,0,0,0,2012,SAM,Samoa,1
1004,0,0,0,0,2012,SEN,Senegal,1
1005,0,0,0,0,2012,SEY,Seychelles,1
1006,2,0,0,2,2012,SGP,Singapore,1
1007,0,0,0,0,2012,SKN,Saint Kitts,1
1008,0,0,0,0,2012,SLE,Sierra Leone,1
1009,4,1,1,2,2012,SLO,Slovenia,1
1010,0,0,0,0,2012,SMR,San Marino,1
1011,0,0,0,0,2012,SOL,Solomon Islands,1
1012,0,0,0,0,2012,SOM,Somalia,1
1013,4,1,1,2,2012,SRB,Serbia,1
1014,0,0,0,0,2012,SRI,Sri Lanka,1
1015,0,0,0,0,2012,STP,Sao Tome and Principe,1
1016,0,0,0,0,2012,SUD,Sudan,1
1017,4,2,2,0,2012,SUI,Switzerland,1
1018,0,0,0,0,2012,SUR,Suriname,1
1019,4,0,1,3,2012,SVK,Slovakia,1
1020,8,1,4,3,2012,SWE,Sweden,1
1021,0,0,0,0,2012,SWZ,Swaziland,1
1022,0,0,0,0,2012,SYR,Syria,1
1023,0,0,0,0,2012,TAN,Tanzania,1
1024,0,0,0,0,2012,TGA,Tonga,1
1025,3,0,2,1,2012,THA,Thailand,1
1026,1,0,0,1,2012,TJK,Tajikistan,1
1027,0,0,0,0,2012,TKM,Turkmenistan,1
1028,0,0,0,0,2012,TLS,Timor-Leste,1
1029,0,0,0,0,2012,TOG,Togo,1
1030,2,0,1,1,2012,TPE,Taiwan,1
1031,4,1,1,2,2012,TTO,Trinidad,1
1032,3,1,1,1,2012,TUN,Tunisia,1
1033,5,2,2,1,2012,TUR,Turkey,1
1034,0,0,0,0,2012,TUV,Tuvalu,1
1035,0,0,0,0,2012,UAE,United Arab Emirates,1
1036,1,1,0,0,2012,UGA,Uganda,1
1037,20,6,5,9,2012,UKR,Ukraine,1
1038,0,0,0,0,2012,URU,Uruguay,1
1039,103,46,28,29,2012,USA,USA,1
1040,3,1,0,2,2012,UZB,Uzbekistan,1
1041,0,0,0,0,2012,VAN,Vanuatu,1
1042,1,1,0,0,2012,VEN,Venezuela,1
1043,0,0,0,0,2012,VIE,Vietnam,1
1044,0,0,0,0,2012,VIN,Saint Vincent,1
1045,0,0,0,0,2012,YEM,Yemen,1
1046,0,0,0,0,2012,ZAM,Zambia,1
1047,0,0,0,0,2012,ZIM,Zimbabwe,1
1137,0,0,0,0,2016,AFG,Afghanistan,1
1138,0,0,0,0,2016,ALB,Albania,1
1139,2,0,2,0,2016,ALG,Algeria,1
1140,0,0,0,0,2016,AND,Andorra,1
1141,0,0,0,0,2016,ANG,Angola,1
1142,0,0,0,0,2016,ANT,Antigua,1
1143,4,3,1,0,2016,ARG,Argentina,1
1144,4,1,3,0,2016,ARM,Armenia,1
1145,0,0,0,0,2016,ARU,Aruba,1
1146,0,0,0,0,2016,ASA,American Samoa,1
1147,29,8,11,10,2016,AUS,Australia,1
1148,1,0,0,1,2016,AUT,Austria,1
1149,18,1,7,10,2016,AZE,Azerbaijan,1
1150,2,1,0,1,2016,BAH,Bahamas,1
1151,0,0,0,0,2016,BAN,Bangladesh,1
1152,0,0,0,0,2016,BAR,Barbados,1
1153,1,0,1,0,2016,BDI,Burundi,1
1154,6,2,2,2,2016,BEL,Belgium,1
1155,0,0,0,0,2016,BEN,Benin,1
1156,0,0,0,0,2016,BER,Bermuda,1
1157,0,0,0,0,2016,BHU,Bhutan,1
1158,0,0,0,0,2016,BIH,Bosnia and Herzegovina,1
1159,0,0,0,0,2016,BIZ,Belize,1
1160,9,1,4,4,2016,BLR,Belarus,1
1161,0,0,0,0,2016,BOL,Boliva,1
1162,0,0,0,0,2016,BOT,Botswana,1
1163,19,7,6,6,2016,BRA,Brazil,1
1164,2,1,1,0,2016,BRN,Bahrain,1
1165,0,0,0,0,2016,BRU,Brunei,1
1166,3,0,1,2,2016,BUL,Bulgaria,1
1167,0,0,0,0,2016,BUR,Burkina Faso,1
1168,0,0,0,0,2016,CAF,Central African Republic,1
1169,0,0,0,0,2016,CAM,Cambodia,1
1170,22,4,3,15,2016,CAN,Canada,1
1171,0,0,0,0,2016,CAY,Cayman Islands,1
1172,0,0,0,0,2016,CGO,Republic of Congo,1
1173,0,0,0,0,2016,CHA,Chad,1
1174,0,0,0,0,2016,CHI,Chile,1
1175,70,26,18,26,2016,CHN,China,1
1176,2,1,0,1,2016,CIV,Ivory Coast,1
1177,0,0,0,0,2016,CMR,Cameroon,1
1178,0,0,0,0,2016,COD,Democratic Republic of the Congo,1
1179,0,0,0,0,2016,COK,Cook Islands,1
1180,8,3,2,3,2016,COL,Colombia,1
1181,0,0,0,0,2016,COM,Comoros,1
1182,0,0,0,0,2016,CPV,Cape Verde,1
1183,0,0,0,0,2016,CRC,Costa Rica,1
1184,10,5,3,2,2016,CRO,Croatia,1
1185,11,5,2,4,2016,CUB,Cuba,1
1186,0,0,0,0,2016,CYP,Cyprus,1
1187,10,1,2,7,2016,CZE,Czech Republic,1
1188,15,2,6,7,2016,DEN,Denmark,1
1189,0,0,0,0,2016,DJI,Djibouti,1
1190,0,0,0,0,2016,DMA,Dominica,1
1191,1,0,0,1,2016,DOM,Dominican Republic,1
1192,0,0,0,0,2016,ECU,Ecuador,1
1193,3,0,0,3,2016,EGY,Egypt,1
1194,0,0,0,0,2016,ERI,Eritrea,1
1195,0,0,0,0,2016,ESA,El Salvador,1
1196,17,7,4,6,2016,ESP,Spain,1
1197,1,0,0,1,2016,EST,Estonia,1
1198,8,1,2,5,2016,ETH,Ethiopia,1
1199,1,1,0,0,2016,FIJ,Fiji,1
1200,1,0,0,1,2016,FIN,Finland,1
1201,42,10,18,14,2016,FRA,France,1
1202,0,0,0,0,2016,FSM,Micronesia,1
1203,0,0,0,0,2016,GAB,Gabon,1
1204,0,0,0,0,2016,GAM,Gambia,1
1205,67,27,23,17,2016,GBR,UK,1
1206,0,0,0,0,2016,GBS,Guinea-Bissau,1
1207,7,2,1,4,2016,GEO,Georgia,1
1208,0,0,0,0,2016,GEQ,Equatorial Guinea,1
1209,42,17,10,15,2016,GER,Germany,1
1210,0,0,0,0,2016,GHA,Ghana,1
1211,6,3,1,2,2016,GRE,Greece,1
1212,1,0,1,0,2016,GRN,Grenada,1
1213,0,0,0,0,2016,GUA,Guatemala,1
1214,0,0,0,0,2016,GUI,Guinea,1
1215,0,0,0,0,2016,GUM,Guam,1
1216,0,0,0,0,2016,GUY,Guyana,1
1217,0,0,0,0,2016,HAI,Haiti,1
1218,0,0,0,0,2016,HKG,China,1
1219,0,0,0,0,2016,HON,Honduras,1
1220,15,8,3,4,2016,HUN,Hungary,1
1221,3,1,2,0,2016,INA,Indonesia,1
1222,2,0,1,1,2016,IND,India,1
1223,2,1,0,1,2016,IOA,Individual Olympic Athletes,1
1224,8,3,1,4,2016,IRI,Iran,1
1225,2,0,2,0,2016,IRL,Ireland,1
1226,0,0,0,0,2016,IRQ,Iraq,1
1227,0,0,0,0,2016,ISL,Iceland,1
1228,2,0,0,2,2016,ISR,Israel,1
1229,0,0,0,0,2016,ISV,"Virgin Islands, US",1
1230,28,8,12,8,2016,ITA,Italy,1
1231,0,0,0,0,2016,IVB,"Virgin Islands, British",1
1232,11,6,3,2,2016,JAM,Jamaica,1
1233,1,1,0,0,2016,JOR,Jordan,1
1234,41,12,8,21,2016,JPN,Japan,1
1235,18,3,5,10,2016,KAZ,Kazakhstan,1
1236,13,6,6,1,2016,KEN,Kenya,1
1237,0,0,0,0,2016,KGZ,Kyrgyzstan,1
1238,0,0,0,0,2016,KIR,Kiribati,1
1239,21,9,3,9,2016,KOR,South Korea,1
1240,1,1,0,0,2016,KOS,Kosovo,1
1241,0,0,0,0,2016,KSA,Saudi Arabia,1
1242,0,0,0,0,2016,LAO,Laos,1
1243,0,0,0,0,2016,LAT,Latvia,1
1244,0,0,0,0,2016,LBA,Libya,1
1245,0,0,0,0,2016,LBR,Liberia,1
1246,0,0,0,0,2016,LCA,Saint Lucia,1
1247,0,0,0,0,2016,LES,Lesotho,1
1248,0,0,0,0,2016,LIB,Lebanon,1
1249,0,0,0,0,2016,LIE,Liechtenstein,1
1250,4,0,1,3,2016,LTU,Lithuania,1
1251,0,0,0,0,2016,LUX,Luxembourg,1
1252,0,0,0,0,2016,MAD,Madagascar,1
1253,1,0,0,1,2016,MAR,Morocco,1
1254,5,0,4,1,2016,MAS,Malaysia,1
1255,0,0,0,0,2016,MAW,Malawi,1
1256,0,0,0,0,2016,MDA,Moldova,1
1257,0,0,0,0,2016,MDV,Maldives,1
1258,5,0,3,2,2016,MEX,Mexico,1
1259,2,0,1,1,2016,MGL,Mongolia,1
1260,0,0,0,0,2016,MHL,Marshall Islands,1
1261,0,0,0,0,2016,MKD,Macedonia,1
1262,0,0,0,0,2016,MLI,Mali,1
1263,0,0,0,0,2016,MLT,Malta,1
1264,0,0,0,0,2016,MNE,Montenegro,1
1265,0,0,0,0,2016,MON,Monaco,1
1266,0,0,0,0,2016,MOZ,Mozambique,1
1267,0,0,0,0,2016,MRI,Mauritius,1
1268,0,0,0,0,2016,MTN,Mauritania,1
1269,0,0,0,0,2016,MYA,Myanmar,1
1270,0,0,0,0,2016,NAM,Namibia,1
1271,0,0,0,0,2016,NCA,Nicaragua,1
1272,19,8,7,4,2016,NED,Netherlands,1
1273,0,0,0,0,2016,NEP,Nepal,1
1274,1,0,0,1,2016,NGR,Nigeria,1
1275,1,0,1,0,2016,NIG,Niger,1
1276,4,0,0,4,2016,NOR,Norway,1
1277,0,0,0,0,2016,NRU,Nauru,1
1278,18,4,9,5,2016,NZL,New Zealand,1
1279,0,0,0,0,2016,OMA,Oman,1
1280,0,0,0,0,2016,PAK,Pakistan,1
1281,0,0,0,0,2016,PAN,Panama,1
1282,0,0,0,0,2016,PAR,Paraguay,1
1283,0,0,0,0,2016,PER,Peru,1
1284,1,0,1,0,2016,PHI,Philippines,1
1285,0,0,0,0,2016,PLE,Palestine,1
1286,0,0,0,0,2016,PLW,Palau,1
1287,0,0,0,0,2016,PNG,Papua New Guinea,1
1288,11,2,3,6,2016,POL,Poland,1
1289,1,0,0,1,2016,POR,Portugal,1
1290,7,2,3,2,2016,PRK,North Korea,1
1291,1,1,0,0,2016,PUR,Puerto Rico,1
1292,1,0,1,0,2016,QAT,Qatar,1
1293,0,0,0,0,2016,ROT,Refugee Olympic Team,1
1294,4,1,1,2,2016,ROU,Romania,1
1295,10,2,6,2,2016,RSA,South Africa,1
1296,56,19,17,20,2016,RUS,Russia,1
1297,0,0,0,0,2016,RWA,Rwanda,1
1298,0,0,0,0,2016,SAM,Samoa,1
1299,0,0,0,0,2016,SEN,Senegal,1
1300,0,0,0,0,2016,SEY,Seychelles,1
1301,1,1,0,0,2016,SGP,Singapore,1
1302,0,0,0,0,2016,SKN,Saint Kitts,1
1303,0,0,0,0,2016,SLE,Sierra Leone,1
1304,4,1,2,1,2016,SLO,Slovenia,1
1305,0,0,0,0,2016,SMR,San Marino,1
1306,0,0,0,0,2016,SOL,Solomon Islands,1
1307,0,0,0,0,2016,SOM,Somalia,1
1308,8,2,4,2,2016,SRB,Serbia,1
1309,0,0,0,0,2016,SRI,Sri Lanka,1
1310,0,0,0,0,2016,SSD,South Sudan,1
1311,0,0,0,0,2016,STP,Sao Tome and Principe,1
1312,0,0,0,0,2016,SUD,Sudan,1
1313,7,3,2,2,2016,SUI,Switzerland,1
1314,0,0,0,0,2016,SUR,Suriname,1
1315,4,2,2,0,2016,SVK,Slovakia,1
1316,11,2,6,3,2016,SWE,Sweden,1
1317,0,0,0,0,2016,SWZ,Swaziland,1
1318,0,0,0,0,2016,SYR,Syria,1
1319,0,0,0,0,2016,TAN,Tanzania,1
1320,0,0,0,0,2016,TGA,Tonga,1
1321,6,2,2,2,2016,THA,Thailand,1
1322,1,1,0,0,2016,TJK,Tajikistan,1
1323,0,0,0,0,2016,TKM,Turkmenistan,1
1324,0,0,0,0,2016,TLS,Timor-Leste,1
1325,0,0,0,0,2016,TOG,Togo,1
1326,3,1,0,2,2016,TPE,Taiwan,1
1327,1,0,0,1,2016,TTO,Trinidad,1
1328,3,0,0,3,2016,TUN,Tunisia,1
1329,8,1,3,4,2016,TUR,Turkey,1
1330,0,0,0,0,2016,TUV,Tuvalu,1
1331,1,0,0,1,2016,UAE,United Arab Emirates,1
1332,0,0,0,0,2016,UGA,Uganda,1
1333,11,2,5,4,2016,UKR,Ukraine,1
1334,0,0,0,0,2016,URU,Uruguay,1
1335,121,46,37,38,2016,USA,USA,1
1336,13,4,2,7,2016,UZB,Uzbekistan,1
1337,0,0,0,0,2016,VAN,Vanuatu,1
1338,3,0,1,2,2016,VEN,Venezuela,1
1339,2,1,1,0,2016,VIE,Vietnam,1
1340,0,0,0,0,2016,VIN,Saint Vincent,1
1341,0,0,0,0,2016,YEM,Yemen,1
1342,0,0,0,0,2016,ZAM,Zambia,1
1343,0,0,0,0,2016,ZIM,Zimbabwe,1
